{
    "output_file": "Settings/settings.json",

    "CommandAddSongRequest": {
        "type": "textbox",
        "value": "!sr",
        "label": "Add Song Request Command",
        "tooltip": "The command that will be used to add song requests.",
        "group": "Setup"
    },
    "CommandAddSongRequestCooldown": {
        "type": "slider",
        "value": 1,
        "min": 1,
        "max": 100,
        "ticks": 1,
        "label": "Add Song Request Command Cooldown (seconds)",
        "tooltip": "How long the Add Song Request command should go on cooldown for.",
        "group": "Setup"
    },
    "CommandCancelSongRequest": {
        "type": "textbox",
        "value": "!sr_cancel",
        "label": "Cancel Song Request Command",
        "tooltip": "The command that will be used to cancel song requests.",
        "group": "Setup"
    },
    "CommandCancelSongRequestCooldown": {
        "type": "slider",
        "value": 1,
        "min": 1,
        "max": 100,
        "ticks": 1,
        "label": "Cancel Song Request Command Cooldown (seconds)",
        "tooltip": "How long the Cancel Song Request command should go on cooldown for.",
        "group": "Setup"
    },
    "CommandApproveSongRequest": {
        "type": "textbox",
        "value": "!sr_approve",
        "label": "Approve Song Request Command",
        "tooltip": "The command that will be used to approve song requests from other users.",
        "group": "Setup"
    },
    "CommandApproveSongRequestCooldown": {
        "type": "slider",
        "value": 1,
        "min": 1,
        "max": 100,
        "ticks": 1,
        "label": "Approve Song Request Command Cooldown (seconds)",
        "tooltip": "How long the Approve Song Request command should go on cooldown for.",
        "group": "Setup"
    },
    "CommandRejectSongRequest": {
        "type": "textbox",
        "value": "!sr_reject",
        "label": "Reject Song Request Command",
        "tooltip": "The command that will be used to reject song requests from other users.",
        "group": "Setup"
    },
    "CommandRejectSongRequestCooldown": {
        "type": "slider",
        "value": 1,
        "min": 1,
        "max": 100,
        "ticks": 1,
        "label": "Reject Song Request Command Cooldown (seconds)",
        "tooltip": "How long the Reject Song Request command should go on cooldown for.",
        "group": "Setup"
    },
    "CommandGetSongRequest": {
        "type": "textbox",
        "value": "!sr_get",
        "label": "Get Song Request Command",
        "tooltip": "The command that will be used to get song requests from other users.",
        "group": "Setup"
    },
    "CommandGetSongRequestCooldown": {
        "type": "slider",
        "value": 1,
        "min": 1,
        "max": 100,
        "ticks": 1,
        "label": "Get Song Request Command Cooldown (seconds)",
        "tooltip": "How long the Get Song Request command should go on cooldown for.",
        "group": "Setup"
    },
    "CommandOptionSongRequest": {
        "type": "textbox",
        "value": "!sr_option",
        "label": "Change Option For Song Request Command",
        "tooltip": "The command that will be used to change song requests settings in runtime.",
        "group": "Setup"
    },
    "CommandOptionSongRequestCooldown": {
        "type": "slider",
        "value": 1,
        "min": 1,
        "max": 100,
        "ticks": 1,
        "label": "Change Option For Song Request Command Cooldown (seconds)",
        "tooltip": "How long the Change Option For Song Request command should go on cooldown for.",
        "group": "Setup"
    },
    "HttpPageLinkToParse": {
        "type": "textbox",
        "value": "",
        "label": "HTTP Page Link To Parse",
        "tooltip": "HTTP page of song request site with player. This page will be parsed and used in script logic.",
        "group": "Setup"
    },
    "MaxNumberOfSongRequestsToAdd": {
        "type": "slider",
        "value": 3,
        "min": 1,
        "max": 10,
        "ticks": 1,
        "label": "Maximum Number Of Song Requests",
        "tooltip": "How many song requests users can add per stream.",
        "group": "Setup"
    },
    "WaitingTimeoutForSongRequestsInSeconds": {
        "type": "numberbox",
        "value": 120,
        "label": "Waiting Timeout For Song Requests Decision (In Seconds)",
        "tooltip": "Dispatch timeout for song requests (in seconds).",
        "group": "Setup"
    },
    "DispatchTimeoutInSeconds": {
        "type": "numberbox",
        "value": 10,
        "label": "Dispatch Timeout For Song Requests (In Seconds)",
        "tooltip": "Dispatch timeout for song requests (in seconds).",
        "group": "Setup"
    },
    "TimeoutToWaitInMilliseconds": {
        "type": "numberbox",
        "value": 3000,
        "label": "Timeout For Waiting Song Requests (In Milliseconds)",
        "tooltip": "Timeout for waiting song requests processing (in milliseconds).",
        "group": "Setup"
    },
    "UseWhisperMessagesToControlSongRequests": {
        "type": "checkbox",
        "value": true,
        "label": "Use Whisper Messages To Control Song Requests",
        "tooltip": "Allow script to use whisper messages to control song requests. You can use this feature to decrease amount of messages in chat.",
        "group": "Setup"
    },
    "ModIdsToWhisper": {
        "type": "textbox",
        "value": "",
        "label": "Moderators IDs to whisper",
        "tooltip": "Moderators IDs which script will use in logic to send them messages about song requests (approve/reject).",
        "group": "Setup"
    },

    "SelectedBrowserDriver": {
        "type": "dropdown",
        "value": "Edge",
        "items": ["Edge", "Chromium/Chrome", "Firefox", "Opera"],
        "label": "Browser Driver Type To Use",
        "tooltip": "Browser driver type which will be used to process song request commands.",
        "group": "Parsing"
    },
    "BrowserDriverPath": {
        "type": "textbox",
        "value": "C:\\Program Files\\Common Files\\Webdrivers",
        "label": "Browser Driver Path",
        "tooltip": "Browser driver path to use.",
        "group": "Parsing"
    },
    "BrowserDriverExecutableName": {
        "type": "textbox",
        "value": "MicrosoftWebDriver.exe",
        "label": "Browser Driver Executable Name",
        "tooltip": "Browser driver executable name in driver path.",
        "group": "Parsing"
    },
    "ElementIdOfNewSongTextField": {
        "type": "textbox",
        "value": "newSong",
        "label": "Element ID Of New Song Text Field",
        "tooltip": "Element ID of new song text field on song request page.",
        "group": "Parsing"
    },
    "ElementIdOfAddSongButton": {
        "type": "textbox",
        "value": "newSong",
        "label": "Element ID Of Add Song Button",
        "tooltip": "Element ID of add song button on song request page.",
        "group": "Parsing"
    },
    "ClassNameOfNotificationIcon": {
        "type": "textbox",
        "value": "ui-pnotify-icon",
        "label": "Class Name Of Notification Item",
        "tooltip": "Class name of notification item on song request page to parse and process result.",
        "group": "Parsing"
    },
    "ClassNameOfSuccessNotificationIcon": {
        "type": "textbox",
        "value": "brighttheme-icon-success",
        "label": "Class Name Of Successful Notification Item",
        "tooltip": "Class name of successful notification item on song request page to parse and process result.",
        "group": "Parsing"
    },
    "ClassNameOfErrorNotificationIcon": {
        "type": "textbox",
        "value": "brighttheme-icon-errors",
        "label": "Class Name Of Error Notification Item",
        "tooltip": "Class name of error notification item on song request page to parse and process result.",
        "group": "Parsing"
    },
    "ClassNameOfNotificationDescription": {
        "type": "textbox",
        "value": "ui-pnotify-text",
        "label": "Class Name Of Notification Description",
        "tooltip": "Class name of notification description on song request page to parse and process result.",
        "group": "Parsing"
    },

    "PermissionOnAddCancelSongRequest": {
        "type": "dropdown",
        "value": "subscriber",
        "items": ["everyone", "subscriber", "user_specific", "moderator", "editor"],
        "label": "Permission",
        "tooltip": "Who is able to use the add and cancel song request commands.",
        "group": "Permission"
    },
    "PermissionInfoOnAddCancelSongRequest": {
        "type": "textbox",
        "value": "",
        "label": "Info",
        "tooltip": "This field should only be filled when using the user_specific permission on Add or Cancel Song Request Commands.",
        "group": "Permission"
    },
    "PermissionOnManageSongRequest": {
        "type": "dropdown",
        "value": "moderator",
        "items": ["everyone", "subscriber", "user_specific", "moderator", "editor"],
        "label": "Permission On Manage Song Request",
        "tooltip": "Who is able to use the approve, reject, option or get song request commands.",
        "group": "Permission"
    },
    "PermissionInfoOnManageSongRequest": {
        "type": "textbox",
        "value": "",
        "label": "Permission Info On Manage Song Request",
        "tooltip": "This field should only be filled when using the user_specific permission on Approve, Reject, Option or Get Song Request Commands.",
        "group": "Permission"
    },
    "PermissionDeniedMessage": {
        "type": "textbox",
        "value": "Permission denied: You have to be a {0} to use {1} command!",
        "label": "Permission Denied Message",
        "tooltip": "Chat message will be sent on failed permission check. 0 — required permission, 1 — command.",
        "group": "Permission"
    },

    "InvalidCommandCallMessage": {
        "type": "textbox",
        "value": "Invalid {0} command call. Usage: {1}",
        "label": "Invalid Command Call Message",
        "tooltip": "Chat message will be sent if user calls a command with invalid parameters. 0 — command, 1 — command usage example.",
        "group": "Chat Messages"
    },
    "TimeRemainingMessage": {
        "type": "textbox",
        "value": "Command {0} is on cooldown. Time remaining: {1} (seconds).",
        "label": "Time Remaining Message",
        "tooltip": "Chat message will be sent if user tries to call command which is on cooldown now. 0 — command which is on cooldown, 1 — time remaining.",
        "group": "Chat Messages"
    },
    "MaxLimitOfSongRequestsIsExceededMessage": {
        "type": "textbox",
        "value": "Sorry {0}, you have exceeded max allowed limit of song requests for you per stream ({1}).",
        "label": "Max Limit Of Song Requests Is Exceeded",
        "tooltip": "Chat message will be sent if user will try to add song requests above limit. 0 — user, 1 — max allowed song requests limit.",
        "group": "Chat Messages"
    },
    "InvalidTargetMessage": {
        "type": "textbox",
        "value": "Sorry {0}, but {1} doesn't exist.",
        "label": "Invalid Target Message",
        "tooltip": "Chat message will be sent if user specifies an invalid target. 0 — user, 1 — target.",
        "group": "Chat Messages"
    },
    "NoSongRequestsMessage": {
        "type": "textbox",
        "value": "{0}, user {1} doesn't have any active song requests.",
        "label": "No Song Requests Message",
        "tooltip": "Chat message will be sent if user specifies a target user without active song requests. 0 — user, 1 — target user.",
        "group": "Chat Messages"
    },
    "NonExistentSongRequestNumberMessage": {
        "type": "textbox",
        "value": "{0}, non-existent request number {1} for target user {2}.",
        "label": "Invalid Song Request Number Message",
        "tooltip": "Chat message will be sent if user specifies a song request number which does not exist for target user. 0 — user, 1 — invalid song request number, 2 — target user.",
        "group": "Chat Messages"
    },
    "SongRequestDecisionReasonMessage": {
        "type": "textbox",
        "value": "Reason: {0}.",
        "label": "On Song Request Added Message",
        "tooltip": "The message that will be sent to user as optional reason at the end of message. 0 — reason.",
        "group": "Chat Messages"
    },
    "SongRequestAddedMessage": {
        "type": "textbox",
        "value": "{0}, your song request {1} was added and will be processing later.",
        "label": "On Song Request Added Message",
        "tooltip": "The message that will be sent to chat when user's song request was added. 0 — user name, 1 — song request.",
        "group": "Chat Messages"
    },
    "SongRequestToApproveMessage": {
        "type": "textbox",
        "value": "There is a new song request {0} by {1}. Please, approve ({2}) or reject ({3}) it.",
        "label": "Song Request To Approve Message",
        "tooltip": "The message that will be sent to chat when user's song request was approved. 0 — song request, 1 — user name who added song request, 2 — approve command, 3 — reject command.",
        "group": "Chat Messages"
    },
    "SongRequestApprovedMessage": {
        "type": "textbox",
        "value": "{0}, your song request {1} was approved by {2} and will be added to playlist later.",
        "label": "On Song Request Approved Message",
        "tooltip": "The message that will be sent to chat when user's song request was approved. 0 — user name, 1 — song request, 2 — user name who approved song requests.",
        "group": "Chat Messages"
    },
    "OnSuccessSongRequestMessage": {
        "type": "textbox",
        "value": "{0}, your song request {1} was added to playlist! Result: {2}.",
        "label": "On Success Song Request Message",
        "tooltip": "The message that will be sent to chat when user's song request was added to playlist. 0 — user name, 1 — song request, 2 — optional description.",
        "group": "Chat Messages"
    },
    "OnSuccessSongRequestDefaultResultMessage": {
        "type": "textbox",
        "value": "Done",
        "label": "On Success Song Request Default Result Message",
        "tooltip": "The message that will be sent to chat when user's song request was added to playlist but no description is available.",
        "group": "Chat Messages"
    },
    "OnFailureSongRequestMessage": {
        "type": "textbox",
        "value": "{0}, your song request {1} cannot be added. Error: {2}.",
        "label": "On Failure Song Request Message",
        "tooltip": "The message that will be sent to chat when user's song request cannot be added to playlist. 0 — user name, 1 — song request, 2 — error description.",
        "group": "Chat Messages"
    },
    "OnFailureSongRequestDefaultErrorMessage": {
        "type": "textbox",
        "value": "Unknown error",
        "label": "On Failure Song Request Default Error Message",
        "tooltip": "The message that will be sent to chat when user's song request cannot be added to playlist and no error description is available.",
        "group": "Chat Messages"
    },
    "SongRequestRejectedMessage": {
        "type": "textbox",
        "value": "{0}, your song request {1} was rejected by {2}.",
        "label": "On Song Request Rejected Message",
        "tooltip": "The message that will be sent to chat when user's song request was rejected. 0 — user name, 1 — song request, 2 — user name who rejected song request.",
        "group": "Chat Messages"
    },
    "SongRequestDefaultRejectReason": {
        "type": "textbox",
        "value": "song didn't pass moderation",
        "label": "Song Request Default Reject Reason",
        "tooltip": "Default reject reason which will be used when calling reject command without reason parameter.",
        "group": "Chat Messages"
    },
    "SongRequestCancelMessage": {
        "type": "textbox",
        "value": "{0}, your song request {1} was canceled.",
        "label": "On Song Request Canceled Message",
        "tooltip": "The message that will be sent to chat when user's song request was canceled. 0 — user name, 1 — song request.",
        "group": "Chat Messages"
    },
    "GotUserSongRequestsMessage": {
        "type": "textbox",
        "value": "{0} has {1} song request(-s): {2}",
        "label": "On Get User Song Requests Message",
        "tooltip": "The message that will be sent to chat when user gets song requests list of someone. 0 — target user name, 1 — number of song requests, 2 — song requests list.",
        "group": "Chat Messages"
    },
    "NoUserSongRequestsMessage": {
        "type": "textbox",
        "value": "{0} has no song requests.",
        "label": "On Get No User Song Requests Message",
        "tooltip": "The message that will be sent to chat when user tries to get song requests list of someone who doesn't have any requests. 0 — target user name.",
        "group": "Chat Messages"
    },
    "OptionValueTheSameMessage": {
        "type": "textbox",
        "value": "Option {0} value cannot be changed to the same value {1}",
        "label": "On Changing Option Value To The Same Message",
        "tooltip": "The message that will be sent to chat when user tries to change option value to the same value. 0 — option name, 1 — current option value.",
        "group": "Chat Messages"
    },
    "OptionValueChangedMessage": {
        "type": "textbox",
        "value": "Option {0} value has been changed from {1} to {2}",
        "label": "On Changing Option Value To New Value Message",
        "tooltip": "The message that will be sent to chat when user changes settings option. 0 — option name, 1 — old option value, 1 — new option value.",
        "group": "Chat Messages"
    },
    "FailedToSetOptionMessage": {
        "type": "textbox",
        "value": "Failed to change option {0}: {1}",
        "label": "On Failed To Change Option Value Message",
        "tooltip": "The message that will be sent to chat when settings option cannot be changed. 0 — option name, 1 — error description.",
        "group": "Chat Messages"
    },

    "LoggingLevel": {
        "type": "dropdown",
        "value": "Info",
        "items": ["Debug", "Info", "Warning", "Error", "Off"],
        "label": "Logging Level",
        "tooltip": "Specifies Logging Level for script.",
        "group": "Debugging"
    },
    "AllowLoggingToFile": {
        "type": "checkbox",
        "value": false,
        "label": "Allow Logging To File",
        "tooltip": "Allow script to log to file in script folder.",
        "group": "Debugging"
    },
    "EnableWebDriverDebug": {
        "type": "checkbox",
        "value": false,
        "label": "Enable Web Driver Debug",
        "tooltip": "Enable debug mode for web driver.",
        "group": "Debugging"
    }
}
