{
    "output_file": "Settings/settings.json",

    "CommandGive": {
        "type": "textbox",
        "value": "!give",
        "label": "Chat Command",
        "tooltip": "Command that users will use when they want to transfer currency.",
        "group": "Setup"
    },

    "Permission": {
        "type": "dropdown",
        "value": "everyone",
        "items": ["everyone", "moderator", "subscriber", "user_specific", "editor"],
        "label": "Permission",
        "tooltip": "Who is able to use the script commands.",
        "group": "Permission"
    },
    "PermissionDeniedMessage": {
        "type": "textbox",
        "value": "Permission denied: You have to be a {0} to use {1} command!",
        "label": "Permission Denied Message",
        "tooltip": "Chat message will be sent on failed permission check. 0 — required permission, 1 — command.",
        "group": "Permission"
    },
    "PermissionInfo": {
        "type": "textbox",
        "value": "",
        "label": "Info",
        "tooltip": "This field should only be filled when using the user_specific permission.",
        "group": "Permission"
    },

    "InvalidCommandCallMessage": {
        "type": "textbox",
        "value": "Invalid {0} command call. Usage: {1}",
        "label": "Invalid Command Call Message",
        "tooltip": "Chat message will be sent if user calls a command with invalid parameters. 0 — command, 1 — command usage example.",
        "group": "Chat Messages"
    },
    "SuccessfulTransferMessage": {
        "type": "textbox",
        "value": "{0} has successfully transferred {1} {2} to {3}.",
        "label": "Transfer Success Message",
        "tooltip": "Chat message will be sent on successful transfer of currency. 0 — user, 1 — amount, 2 — currency, 3 — target.",
        "group": "Chat Messages"
    },
    "NotEnoughFundsMessage": {
        "type": "textbox",
        "value": "Sorry {0}, you don't have enough {1}.",
        "label": "Not Enough Funds Message",
        "tooltip": "Chat message will be sent if user doesn't have enough funds. 0 — user, 1 — currency.",
        "group": "Chat Messages"
    },
    "InvalidAmountMessage": {
        "type": "textbox",
        "value": "Sorry {0}, {1} isn't a valid amount.",
        "label": "Invalid Amount Message",
        "tooltip": "Chat message will be sent if user specify invalid amount to transfer. 0 — user, 1 — amount.",
        "group": "Chat Messages"
    },
    "NoTargetMessage": {
        "type": "textbox",
        "value": "Sorry {0}, but you didn't say who to send the {1} to.",
        "label": "No Target Message",
        "tooltip": "Chat message will be sent if user doesn't specify a target. 0 — user, 1 — currency.",
        "group": "Chat Messages"
    },
    "InvalidTargetMessage": {
        "type": "textbox",
        "value": "Sorry {0}, but {1} doesn't exist.",
        "label": "Invalid Target Message",
        "tooltip": "Chat message will be sent if user specifies an invalid target. 0 — user, 1 — target.",
        "group": "Chat Messages"
    },
    "TransferToYourselfMessage": {
        "type": "textbox",
        "value": "Sorry {0}, but you cannot transfer {1} to yourself.",
        "label": "Transfer To Yourself Message",
        "tooltip": "Chat message will be sent if user tries to transfer to yourself. 0 — user, 1 — currency.",
        "group": "Chat Messages"
    },

    "LoggingLevel": {
        "type": "dropdown",
        "value": "Info",
        "items": ["Debug", "Info", "Warning", "Error", "Off"],
        "label": "Logging Level",
        "tooltip": "Specifies Logging Level for script.",
        "group": "Debugging"
    },
    "AllowLoggingToFile": {
        "type": "checkbox",
        "value": false,
        "label": "Allow Logging To File",
        "tooltip": "Allow script to log to file in script folder.",
        "group": "Debugging"
    }
}
