{
    "output_file": "Settings/settings.json",

    "CommandGive": {
        "type": "textbox",
        "value": "!give",
        "label": "Give Command",
        "tooltip": "Command that users will use when they want to transfer currency.",
        "group": "Setup"
    },
    "CommandAdd": {
        "type": "textbox",
        "value": "!add",
        "label": "Add Command",
        "tooltip": "Command that (typically) moderators will use when they want to add currency.",
        "group": "Setup"
    },
    "CommandRemove": {
        "type": "textbox",
        "value": "!remove",
        "label": "Remove Command",
        "tooltip": "Command that (typically) moderators will use when they want to remove currency.",
        "group": "Setup"
    },
    "CommandGetTaxPercent": {
        "type": "textbox",
        "value": "!get_tax",
        "label": "Command Get Tax Percent",
        "tooltip": "Command that users will use when they want to to retrieve current tax percent.",
        "group": "Setup"
    },
    "ParameterAll": {
        "type": "textbox",
        "value": "all",
        "label": "Parameter All",
        "tooltip": "Command parameter that allow to use all currency amount to transfer.",
        "group": "Setup"
    },
    "GiveTaxPercent": {
        "type": "slider",
        "value": 10.0,
        "min": 0,
        "max": 100,
        "ticks": 0.2,
        "label": "Tax Percent For Give Command",
        "tooltip": "Tax percent that will use take into account when users transfer currency.",
        "group": "Setup"
    },
    "MinGiveAmount": {
        "type": "numberbox",
        "value": 10,
        "label": "Minimum Give Command Amount",
        "tooltip": "Minimum amount of currency to transfer.",
        "group": "Setup"
    },
    "MaxGiveAmount": {
        "type": "numberbox",
        "value": 100000,
        "label": "Maximum Give Command Amount",
        "tooltip": "Maximum amount of currency to transfer.",
        "group": "Setup"
    },

    "PermissionOnGiveGetTax": {
        "type": "dropdown",
        "value": "everyone",
        "items": ["everyone", "moderator", "subscriber", "user_specific", "editor"],
        "label": "Permission",
        "tooltip": "Who is able to use the commands to give currency and get tax percent.",
        "group": "Permission"
    },
    "PermissionOnAddRemove": {
        "type": "dropdown",
        "value": "moderator",
        "items": ["everyone", "moderator", "subscriber", "user_specific", "editor"],
        "label": "Permission",
        "tooltip": "Who is able to use the commands to add or remove currency.",
        "group": "Permission"
    },
    "PermissionDeniedMessage": {
        "type": "textbox",
        "value": "Permission denied: You have to be a {0} to use {1} command!",
        "label": "Permission Denied Message",
        "tooltip": "Chat message will be sent on failed permission check. 0 — required permission, 1 — command.",
        "group": "Permission"
    },
    "PermissionInfo": {
        "type": "textbox",
        "value": "",
        "label": "Info",
        "tooltip": "This field should only be filled when using the user_specific permission.",
        "group": "Permission"
    },

    "InvalidCommandCallMessage": {
        "type": "textbox",
        "value": "Invalid {0} command call. Usage: {1}",
        "label": "Invalid Command Call Message",
        "tooltip": "Chat message will be sent if user calls a command with invalid parameters. 0 — command, 1 — command usage example.",
        "group": "Chat Messages"
    },
    "SuccessfulTransferMessage": {
        "type": "textbox",
        "value": "{0} has successfully transferred {1} {2} to {3}.",
        "label": "Transfer Success Message",
        "tooltip": "Chat message will be sent on successful transfer of currency. 0 — user, 1 — amount, 2 — currency name, 3 — target.",
        "group": "Chat Messages"
    },
    "SuccessfulAddingMessage": {
        "type": "textbox",
        "value": "{0} has successfully added {1} {2} to {3}.",
        "label": "Adding Currency Success Message",
        "tooltip": "Chat message will be sent on successful adding of currency. 0 — user, 1 — amount, 2 — currency name, 3 — target.",
        "group": "Chat Messages"
    },
    "SuccessfulRemovingMessage": {
        "type": "textbox",
        "value": "{0} has successfully removed {1} {2} from {3}.",
        "label": "Removing Currency Success Message",
        "tooltip": "Chat message will be sent on successful removed of currency. 0 — user, 1 — amount, 2 — currency name, 3 — target.",
        "group": "Chat Messages"
    },
    "NotEnoughFundsToTransferMessage": {
        "type": "textbox",
        "value": "Sorry {0}, you don't have enough {1}.",
        "label": "Not Enough Funds To Transfer Message",
        "tooltip": "Chat message will be sent if user doesn't have enough funds to transfer. 0 — user, 1 — currency name.",
        "group": "Chat Messages"
    },
    "NotEnoughFundsToRemoveMessage": {
        "type": "textbox",
        "value": "Sorry {0}, {1} doesn't have enough {2}.",
        "label": "Not Enough Funds To Remove Message",
        "tooltip": "Chat message will be sent if user doesn't have enough funds to remove. 0 — user, 1 — target, 2 — currency name.",
        "group": "Chat Messages"
    },
    "InvalidAmountMessage": {
        "type": "textbox",
        "value": "Sorry {0}, {1} isn't a valid amount. Please, choose integral amount in range [{2}–{3}]",
        "label": "Invalid Amount Message",
        "tooltip": "Chat message will be sent if user specify invalid amount to transfer. 0 — user, 1 — specified amount, 2 — min possible amount, 3 — max possible amount.",
        "group": "Chat Messages"
    },
    "NoTargetMessage": {
        "type": "textbox",
        "value": "Sorry {0}, but you didn't say who to send the {1} to.",
        "label": "No Target Message",
        "tooltip": "Chat message will be sent if user doesn't specify a target. 0 — user, 1 — currency name.",
        "group": "Chat Messages"
    },
    "InvalidTargetMessage": {
        "type": "textbox",
        "value": "Sorry {0}, but {1} doesn't exist.",
        "label": "Invalid Target Message",
        "tooltip": "Chat message will be sent if user specifies an invalid target. 0 — user, 1 — target.",
        "group": "Chat Messages"
    },
    "TransferToYourselfMessage": {
        "type": "textbox",
        "value": "Sorry {0}, but you cannot transfer {1} to yourself.",
        "label": "Transfer To Yourself Message",
        "tooltip": "Chat message will be sent if user tries to transfer to yourself. 0 — user, 1 — currency name.",
        "group": "Chat Messages"
    },
    "CurrentTaxPercentMessage": {
        "type": "textbox",
        "value": "Current tax: {0}%",
        "label": "Current Tax Percent Message",
        "tooltip": "Chat message will be sent if user retrieves current tax percent. 0 — current tax percent.",
        "group": "Chat Messages"
    },

    "LoggingLevel": {
        "type": "dropdown",
        "value": "Info",
        "items": ["Debug", "Info", "Warning", "Error", "Off"],
        "label": "Logging Level",
        "tooltip": "Specifies Logging Level for script.",
        "group": "Debugging"
    },
    "AllowLoggingToFile": {
        "type": "checkbox",
        "value": false,
        "label": "Allow Logging To File",
        "tooltip": "Allow script to log to file in script folder.",
        "group": "Debugging"
    }
}
