{
    "output_file": "Settings/settings.json",

    "CommandAddSongRequest": {
        "type": "textbox",
        "value": "!sr",
        "label": "Add Song Request Command",
        "tooltip": "The command that will be used to add song requests.",
        "group": "Setup"
    },
    "CommandAddSongRequestCooldown": {
        "type": "slider",
        "value": 1,
        "min": 1,
        "max": 100,
        "ticks": 1,
        "label": "Add Song Request Command Cooldown (seconds)",
        "tooltip": "How long the Add Song Request command should go on cooldown for.",
        "group": "Setup"
    },
    "CommandCancelSongRequest": {
        "type": "textbox",
        "value": "!sr_cancel",
        "label": "Cancel Song Request Command",
        "tooltip": "The command that will be used to cancel song requests.",
        "group": "Setup"
    },
    "CommandCancelSongRequestCooldown": {
        "type": "slider",
        "value": 1,
        "min": 1,
        "max": 100,
        "ticks": 1,
        "label": "Cancel Song Request Command Cooldown (seconds)",
        "tooltip": "How long the Cancel Song Request command should go on cooldown for.",
        "group": "Setup"
    },
    "CommandApproveSongRequest": {
        "type": "textbox",
        "value": "!sr_approve",
        "label": "Approve Song Request Command",
        "tooltip": "The command that will be used to approve song requests from other users.",
        "group": "Setup"
    },
    "CommandApproveSongRequestCooldown": {
        "type": "slider",
        "value": 1,
        "min": 1,
        "max": 100,
        "ticks": 1,
        "label": "Approve Song Request Command Cooldown (seconds)",
        "tooltip": "How long the Approve Song Request command should go on cooldown for.",
        "group": "Setup"
    },
    "CommandRejectSongRequest": {
        "type": "textbox",
        "value": "!sr_reject",
        "label": "Reject Song Request Command",
        "tooltip": "The command that will be used to reject song requests from other users.",
        "group": "Setup"
    },
    "CommandRejectSongRequestCooldown": {
        "type": "slider",
        "value": 1,
        "min": 1,
        "max": 100,
        "ticks": 1,
        "label": "Reject Song Request Command Cooldown (seconds)",
        "tooltip": "How long the Reject Song Request command should go on cooldown for.",
        "group": "Setup"
    },
    "CommandGetSongRequest": {
        "type": "textbox",
        "value": "!sr_get",
        "label": "Get Song Request Command",
        "tooltip": "The command that will be used to get song requests from other users.",
        "group": "Setup"
    },
    "CommandGetSongRequestCooldown": {
        "type": "slider",
        "value": 1,
        "min": 1,
        "max": 100,
        "ticks": 1,
        "label": "Get Song Request Command Cooldown (seconds)",
        "tooltip": "How long the Get Song Request command should go on cooldown for.",
        "group": "Setup"
    },
    "HttpPageLinkToParse": {
        "type": "textbox",
        "value": "",
        "label": "HTTP page link to parse",
        "tooltip": "HTTP page of song request site with player. This page will be parsed and used in script logic.",
        "group": "Setup"
    },
    "NumberOfSongRequestsToAdd": {
        "type": "slider",
        "value": 3,
        "min": 1,
        "max": 10,
        "ticks": 1,
        "label": "Number of song requests for each user to add",
        "tooltip": "How many song requests users can add per stream.",
        "group": "Setup"
    },
    "UseWhisperMessagesToControlSongRequests": {
        "type": "checkbox",
        "value": true,
        "label": "Use Whisper Messages To Control Song Requests",
        "tooltip": "Allow bot to use whisper messages to control song requests. You can use this feature to decrease amount of messages in chat.",
        "group": "Setup"
    },
    "DispatchTimeoutInSeconds": {
        "type": "numberbox",
        "value": 10,
        "label": "Dispatch Timeout For Song Requests (In Seconds)",
        "tooltip": "Dispatch timeout for song requests (in seconds).",
        "group": "Setup"
    },
    "SelectedBrowserDriver": {
        "type": "dropdown",
        "value": "Edge",
        "items": ["Edge", "Chromium/Chrome", "Firefox", "Opera"],
        "label": "Browser Driver Type To Use",
        "tooltip": "Browser driver type which will be used to process song request commands.",
        "group": "Setup"
    },
    "BrowserDriverPath": {
        "type": "textbox",
        "value": "Services/Scripts/SongRequest/External/edgedriver_win64/msedgedriver.exe",
        "label": "Browser Driver Executable Path",
        "tooltip": "Browser driver path to use.",
        "group": "Setup"
    },
    "ElementIdOfNewSongTextField": {
        "type": "textbox",
        "value": "newSong",
        "label": "Element ID Of New Song Text Field",
        "tooltip": "Element ID of new song text field on song request page.",
        "group": "Setup"
    },
    "ElementIdOfAddSongButton": {
        "type": "textbox",
        "value": "newSong",
        "label": "Element ID Of Add Song Button",
        "tooltip": "Element ID of add song button on song request page.",
        "group": "Setup"
    },
    "ClassNameOfNotificationIcon": {
        "type": "textbox",
        "value": "ui-pnotify-icon",
        "label": "Class Name Of Notification Item",
        "tooltip": "Class name of notification item on song request page to parse and process result.",
        "group": "Setup"
    },
    "ClassNameOfSuccessNotificationIcon": {
        "type": "textbox",
        "value": "brighttheme-icon-success",
        "label": "Class Name Of Successful Notification Item",
        "tooltip": "Class name of successful notification item on song request page to parse and process result.",
        "group": "Setup"
    },
    "ClassNameOfErrorNotificationIcon": {
        "type": "textbox",
        "value": "brighttheme-icon-errors",
        "label": "Class Name Of Error Notification Item",
        "tooltip": "Class name of error notification item on song request page to parse and process result.",
        "group": "Setup"
    },
    "ClassNameOfNotificationDescription": {
        "type": "textbox",
        "value": "ui-pnotify-text",
        "label": "Class Name Of Notification Description",
        "tooltip": "Class name of notification description on song request page to parse and process result.",
        "group": "Setup"
    },

    "PermissionOnAddCancelSongRequest": {
        "type": "dropdown",
        "value": "subscriber",
        "items": ["everyone", "subscriber", "user_specific", "moderator", "editor"],
        "label": "Permission",
        "tooltip": "Who is able to use the add and cancel song request commands.",
        "group": "Permission"
    },
    "PermissionInfoOnAddCancelSongRequest": {
        "type": "textbox",
        "value": "",
        "label": "Info",
        "tooltip": "This field should only be filled when using the user_specific permission on Add or Cancel Song Request Commands.",
        "group": "Permission"
    },
    "PermissionOnApproveRejectGetSongRequest": {
        "type": "dropdown",
        "value": "moderator",
        "items": ["everyone", "subscriber", "user_specific", "moderator", "editor"],
        "label": "Permission",
        "tooltip": "Who is able to use the approve, deny or get song request commands.",
        "group": "Permission"
    },
    "PermissionInfoOnApproveRejectGetSongRequest": {
        "type": "textbox",
        "value": "",
        "label": "Info",
        "tooltip": "This field should only be filled when using the user_specific permission on Approve, Reject or Get Song Request Commands.",
        "group": "Permission"
    },
    "PermissionDeniedMessage": {
        "type": "textbox",
        "value": "Permission denied: You have to be a {0} to use {1} command!",
        "label": "Permission Denied Message",
        "tooltip": "Chat message will be sent on failed permission check. 0 — required permission, 1 — command.",
        "group": "Permission"
    },

    "OnSuccessSongRequestMessage": {
        "type": "textbox",
        "value": "{0}, your song request approved and added!",
        "label": "On Success Song Request Message",
        "tooltip": "The message that will be sent to chat when user's song request approved and added to playlist. 0 — user name.",
        "group": "Chat Messages"
    },
    "InvalidCommandCallMessage": {
        "type": "textbox",
        "value": "Invalid {0} command call. Usage: {1}",
        "label": "Invalid Command Call Message",
        "tooltip": "Chat message will be sent if user calls a command with invalid parameters. 0 — command, 1 — command usage example.",
        "group": "Chat Messages"
    },
    "TimeRemainingMessage": {
        "type": "textbox",
        "value": "Command {0} is on cooldown. Time remaining: {1} (seconds).",
        "label": "Time Remaining Message",
        "tooltip": "Chat message will be sent if user tries to call command which is on cooldown now. 0 — command which is on cooldown, 1 — time remaining.",
        "group": "Chat Messages"
    },

    "LoggingLevel": {
        "type": "dropdown",
        "value": "Info",
        "items": ["Debug", "Info", "Warning", "Error", "Off"],
        "label": "Logging Level",
        "tooltip": "Specifies Logging Level for script.",
        "group": "Debugging"
    },
    "AllowLoggingToFile": {
        "type": "checkbox",
        "value": false,
        "label": "Allow Logging To File",
        "tooltip": "Allow script to log to file in script folder.",
        "group": "Debugging"
    }
}
