{
    "output_file": "Settings/settings.json",

    "CommandGive": {
        "type": "textbox",
        "value": "!give",
        "label": "Give Command",
        "tooltip": "Command that users will use when they want to transfer points.",
        "group": "Commands"
    },
    "CommandGiveCooldown": {
        "type": "slider",
        "value": 1,
        "min": 1,
        "max": 100,
        "ticks": 1,
        "label": "Give Command Cooldown (seconds)",
        "tooltip": "How long the Give command should go on cooldown for.",
        "group": "Commands"
    },
    "CommandAdd": {
        "type": "textbox",
        "value": "!add",
        "label": "Add Command",
        "tooltip": "Command that (typically) moderators will use when they want to add points.",
        "group": "Commands"
    },
    "CommandAddCooldown": {
        "type": "slider",
        "value": 1,
        "min": 1,
        "max": 100,
        "ticks": 1,
        "label": "Add Command Cooldown (seconds)",
        "tooltip": "How long the Add command should go on cooldown for.",
        "group": "Commands"
    },
    "CommandRemove": {
        "type": "textbox",
        "value": "!remove",
        "label": "Remove Command",
        "tooltip": "Command that (typically) moderators will use when they want to remove points.",
        "group": "Commands"
    },
    "CommandRemoveCooldown": {
        "type": "slider",
        "value": 1,
        "min": 1,
        "max": 100,
        "ticks": 1,
        "label": "Remove Cooldown (seconds)",
        "tooltip": "How long the Remove command should go on cooldown for.",
        "group": "Commands"
    },
    "CommandSet": {
        "type": "textbox",
        "value": "!set",
        "label": "Set Command",
        "tooltip": "Command that (typically) moderators will use when they want to set points value to certain amount.",
        "group": "Commands"
    },
    "CommandSetCooldown": {
        "type": "slider",
        "value": 1,
        "min": 1,
        "max": 100,
        "ticks": 1,
        "label": "Set Command Cooldown (seconds)",
        "tooltip": "How long the Set command should go on cooldown for.",
        "group": "Commands"
    },
    "CommandGetTax": {
        "type": "textbox",
        "value": "!get_tax",
        "label": "Get Tax Command",
        "tooltip": "Command that users will use when they want to to retrieve current tax percent.",
        "group": "Commands"
    },
    "CommandGetTaxCooldown": {
        "type": "slider",
        "value": 1,
        "min": 1,
        "max": 100,
        "ticks": 1,
        "label": "Get Tax Command Cooldown (seconds)",
        "tooltip": "How long the Get Tax command should go on cooldown for.",
        "group": "Commands"
    },
    "ParameterAll": {
        "type": "textbox",
        "value": "all",
        "label": "Parameter All",
        "tooltip": "Command parameter that allow to use all points amount to transfer.",
        "group": "Commands"
    },

    "GiveTaxPercent": {
        "type": "slider",
        "value": 10,
        "min": 0,
        "max": 100,
        "ticks": 1,
        "label": "Tax Percent For Give Command",
        "tooltip": "Tax percent that will use take into account when users transfer points.",
        "group": "Setup"
    },
    "MinGiveAmount": {
        "type": "numberbox",
        "value": 10,
        "label": "Minimum Give Command Amount",
        "tooltip": "Minimum amount of points to transfer.",
        "group": "Setup"
    },
    "MaxGiveAmount": {
        "type": "numberbox",
        "value": 100000,
        "label": "Maximum Give Command Amount",
        "tooltip": "Maximum amount of points to transfer.",
        "group": "Setup"
    },
    "AllowToTransferToYourself": {
        "type": "checkbox",
        "value": false,
        "label": "Allow To Transfer To Yourself",
        "tooltip": "Allow users to transfer to yourself.",
        "group": "Setup"
    },

    "PermissionOnGiveGetTax": {
        "type": "dropdown",
        "value": "everyone",
        "items": ["everyone", "subscriber", "user_specific", "moderator", "editor"],
        "label": "Permission On Give And Get Tax Commands",
        "tooltip": "Who is able to use the commands to give points and get tax percent.",
        "group": "Permission"
    },
    "PermissionInfoOnGiveGetTax": {
        "type": "textbox",
        "value": "",
        "label": "Info for Give And Get Tax Commands",
        "tooltip": "This field should only be filled when using the user_specific permission on Give And Get Tax Commands.",
        "group": "Permission"
    },
    "PermissionOnAddRemoveSet": {
        "type": "dropdown",
        "value": "moderator",
        "items": ["everyone", "subscriber", "user_specific", "moderator", "editor"],
        "label": "Permission On Add, Remove and Set Commands",
        "tooltip": "Who is able to use the commands to add, remove or set points.",
        "group": "Permission"
    },
    "PermissionInfoOnAddRemoveSet": {
        "type": "textbox",
        "value": "",
        "label": "Info For Add, Remove and Set Commands",
        "tooltip": "This field should only be filled when using the user_specific permission on Add, Remove and Set Commands.",
        "group": "Permission"
    },
    "PermissionDeniedMessage": {
        "type": "textbox",
        "value": "Permission denied: You have to be a {0} to use {1} command!",
        "label": "Permission Denied Message",
        "tooltip": "Chat message will be sent on failed permission check. 0 — required permission, 1 — command.",
        "group": "Permission"
    },
    "AllowToAddRemoveSetForOtherWithSamePermissionOrHigher": {
        "type": "checkbox",
        "value": false,
        "label": "Allow Operations Without Target Permission Check",
        "tooltip": "Allow users to perform operations despite on target permissions.",
        "group": "Permission"
    },
    "OperationDeniedMessage": {
        "type": "textbox",
        "value": "Permission denied: cannot use {0} command on {1} which has the same or higher permission!",
        "label": "Operation Denied Message",
        "tooltip": "Chat message will be sent on invalid command call for target which has the same or higher permission. 0 — command, 1 — target.",
        "group": "Permission"
    },

    "InvalidCommandCallMessage": {
        "type": "textbox",
        "value": "Invalid {0} command call. Usage: {1}",
        "label": "Invalid Command Call Message",
        "tooltip": "Chat message will be sent if user calls a command with invalid parameters. 0 — command, 1 — command usage example.",
        "group": "Chat Messages"
    },
    "SuccessfulTransferMessage": {
        "type": "textbox",
        "value": "{0} has successfully transferred {1} {2} to {3} (tax: {4}).",
        "label": "Transfer Success Message",
        "tooltip": "Chat message will be sent on successful transfer of points. 0 — user, 1 — amount, 2 — points name, 3 — target, 4 — tax amount.",
        "group": "Chat Messages"
    },
    "SuccessfulAddingMessage": {
        "type": "textbox",
        "value": "{0} has successfully added {1} {2} to {3}.",
        "label": "Adding Points Success Message",
        "tooltip": "Chat message will be sent on successful adding of points. 0 — user, 1 — amount, 2 — points name, 3 — target.",
        "group": "Chat Messages"
    },
    "SuccessfulRemovingMessage": {
        "type": "textbox",
        "value": "{0} has successfully removed {1} {2} from {3}.",
        "label": "Removing Points Success Message",
        "tooltip": "Chat message will be sent on successful removing of points. 0 — user, 1 — amount, 2 — points name, 3 — target.",
        "group": "Chat Messages"
    },
    "SuccessfulSettingMessage": {
        "type": "textbox",
        "value": "{0} has successfully set {1} {2} for {3}.",
        "label": "Setting Points Success Message",
        "tooltip": "Chat message will be sent on successful setting of points. 0 — user, 1 — amount, 2 — points name, 3 — target.",
        "group": "Chat Messages"
    },
    "NotEnoughFundsToTransferMessage": {
        "type": "textbox",
        "value": "Sorry {0}, you don't have enough {1} (you have: {2}, required: {3}).",
        "label": "Not Enough Funds To Transfer Message",
        "tooltip": "Chat message will be sent if user doesn't have enough funds to transfer. 0 — user, 1 — points name.",
        "group": "Chat Messages"
    },
    "NotEnoughFundsToRemoveMessage": {
        "type": "textbox",
        "value": "Sorry {0}, {1} doesn't have enough {2} ({1} has: {3}, required: {4}).",
        "label": "Not Enough Funds To Remove Message",
        "tooltip": "Chat message will be sent if user doesn't have enough funds to remove. 0 — user, 1 — target, 2 — points name.",
        "group": "Chat Messages"
    },
    "InvalidAmountMessage": {
        "type": "textbox",
        "value": "Sorry {0}, {1} isn't a valid amount. Please, choose integral amount in range: {2}",
        "label": "Invalid Amount Message",
        "tooltip": "Chat message will be sent if user specify invalid amount to transfer. 0 — user, 1 — specified amount, 2 — valid amount range.",
        "group": "Chat Messages"
    },
    "NoTargetMessage": {
        "type": "textbox",
        "value": "Sorry {0}, but you didn't say who to send the {1} to.",
        "label": "No Target Message",
        "tooltip": "Chat message will be sent if user doesn't specify a target. 0 — user, 1 — points name.",
        "group": "Chat Messages"
    },
    "InvalidTargetMessage": {
        "type": "textbox",
        "value": "Sorry {0}, but {1} doesn't exist.",
        "label": "Invalid Target Message",
        "tooltip": "Chat message will be sent if user specifies an invalid target. 0 — user, 1 — target.",
        "group": "Chat Messages"
    },
    "DeniedTransferToYourselfMessage": {
        "type": "textbox",
        "value": "Sorry {0}, but you cannot transfer {1} to yourself.",
        "label": "Transfer To Yourself Message",
        "tooltip": "Chat message will be sent if user tries to transfer to yourself. 0 — user, 1 — points name.",
        "group": "Chat Messages"
    },
    "CurrentTaxPercentMessage": {
        "type": "textbox",
        "value": "Current tax: {0}%",
        "label": "Current Tax Percent Message",
        "tooltip": "Chat message will be sent if user retrieves current tax percent. 0 — current tax percent.",
        "group": "Chat Messages"
    },
    "TimeRemainingMessage": {
        "type": "textbox",
        "value": "Command {0} is on cooldown. Time remaining: {1} (seconds).",
        "label": "Time Remaining Message",
        "tooltip": "Chat message will be sent if user tries to call command which is on cooldown now. 0 — command which is on cooldown, 1 — time remaining.",
        "group": "Chat Messages"
    },
    "OptionValueTheSameMessage": {
        "type": "textbox",
        "value": "{0}, option {1} value cannot be changed to the same value {2}",
        "label": "On Changing Option Value To The Same Message",
        "tooltip": "The message that will be sent to chat when user tries to change option value to the same value. 0 — user name, 1 — option name, 2 — current option value.",
        "group": "Chat Messages"
    },
    "OptionValueChangedMessage": {
        "type": "textbox",
        "value": "{0}, option {1} value has been changed from {2} to {3}",
        "label": "On Changing Option Value To New Value Message",
        "tooltip": "The message that will be sent to chat when user changes settings option. 0 — user name, 1 — option name, 2 — old option value, 3 — new option value.",
        "group": "Chat Messages"
    },
    "FailedToSetOptionMessage": {
        "type": "textbox",
        "value": "{0}, failed to change option {1}: {2}",
        "label": "On Failed To Change Option Value Message",
        "tooltip": "The message that will be sent to chat when settings option cannot be changed. 0 — user name, 1 — option name, 2 — error description.",
        "group": "Chat Messages"
    },
    "FailedToSetOptionInvalidTypeMessage": {
        "type": "textbox",
        "value": "Invalid type (expected: {0})",
        "label": "On Failed To Change Option Due To Invalid Type Message",
        "tooltip": "The message that will be sent to chat when settings option cannot be changed due to invalid type. 0 — expected type.",
        "group": "Chat Messages"
    },
    "FailedToSetOptionInvalidNameMessage": {
        "type": "textbox",
        "value": "Invalid option name",
        "label": "On Failed To Change Option Due To Invalid Name Message",
        "tooltip": "The message that will be sent to chat when settings option cannot be changed due to invalid name.",
        "group": "Chat Messages"
    },

    "LoggingLevel": {
        "type": "dropdown",
        "value": "Info",
        "items": ["Debug", "Info", "Warning", "Error", "Off"],
        "label": "Logging Level",
        "tooltip": "Specifies Logging Level for script.",
        "group": "Debugging"
    },
    "AllowLoggingToFile": {
        "type": "checkbox",
        "value": false,
        "label": "Allow Logging To File",
        "tooltip": "Allow script to log to file in script folder.",
        "group": "Debugging"
    }
}
