{
    "output_file": "Settings/settings.json",

    "CommandGetScore": {
        "type": "textbox",
        "value": "!score",
        "label": "Get Command",
        "tooltip": "The command to show current score.",
        "group": "Commands"
    },
    "CommandGetScoreCooldown": {
        "type": "slider",
        "value": 1,
        "min": 1,
        "max": 100,
        "ticks": 1,
        "label": "Get Command Cooldown (seconds)",
        "tooltip": "How long the Get command should go on cooldown for.",
        "group": "Commands"
    },
    "CommandCreateScore": {
        "type": "textbox",
        "value": "!create_score",
        "label": "Create Command",
        "tooltip": "The command to create new score.",
        "group": "Commands"
    },
    "CommandCreateScoreCooldown": {
        "type": "slider",
        "value": 1,
        "min": 1,
        "max": 100,
        "ticks": 1,
        "label": "Create Command Cooldown (seconds)",
        "tooltip": "How long the Create command should go on cooldown for.",
        "group": "Commands"
    },
    "CommandUpdateScore": {
        "type": "textbox",
        "value": "!update_score",
        "label": "Update Command",
        "tooltip": "The command to update current score.",
        "group": "Commands"
    },
    "CommandUpdateScoreCooldown": {
        "type": "slider",
        "value": 1,
        "min": 1,
        "max": 100,
        "ticks": 1,
        "label": "Update Command Cooldown (seconds)",
        "tooltip": "How long the Update command should go on cooldown for.",
        "group": "Commands"
    },
    "CommandResetScore": {
        "type": "textbox",
        "value": "!reset_score",
        "label": "Reset Command",
        "tooltip": "The command to reset current score.",
        "group": "Commands"
    },
    "CommandResetScoreCooldown": {
        "type": "slider",
        "value": 1,
        "min": 1,
        "max": 100,
        "ticks": 1,
        "label": "Reset Command Cooldown (seconds)",
        "tooltip": "How long the Reset command should go on cooldown for.",
        "group": "Commands"
    },
    "CommandDeleteScore": {
        "type": "textbox",
        "value": "!delete_score",
        "label": "Delete Command",
        "tooltip": "The command to delete current score.",
        "group": "Commands"
    },
    "CommandDeleteScoreCooldown": {
        "type": "slider",
        "value": 1,
        "min": 1,
        "max": 100,
        "ticks": 1,
        "label": "Delete Command Cooldown (seconds)",
        "tooltip": "How long the Delete command should go on cooldown for.",
        "group": "Commands"
    },

    "PermissionOnGet": {
        "type": "dropdown",
        "value": "everyone",
        "items": ["everyone", "subscriber", "user_specific", "moderator", "editor"],
        "label": "Permission On Get Command",
        "tooltip": "Who is able to use the script command to get score.",
        "group": "Permission"
    },
    "PermissionInfoOnGet": {
        "type": "textbox",
        "value": "",
        "label": "Info For Get",
        "tooltip": "This field should only be filled when using the user_specific permission on Get Command.",
        "group": "Permission"
    },
    "PermissionOnEdit": {
        "type": "dropdown",
        "value": "moderator",
        "items": ["everyone", "subscriber", "user_specific", "moderator", "editor"],
        "label": "Permission On Edit Commands",
        "tooltip": "Who is able to use the script commands to edit score.",
        "group": "Permission"
    },
    "PermissionInfoOnEdit": {
        "type": "textbox",
        "value": "",
        "label": "Info for Edit Commands",
        "tooltip": "This field should only be filled when using the user_specific permission on Edit Commands.",
        "group": "Permission"
    },
    "PermissionDeniedMessage": {
        "type": "textbox",
        "value": "Permission denied: You have to be a {0} to use {1} command!",
        "label": "Permission Denied Message",
        "tooltip": "Chat message will be sent on failed permission check. 0 — required permission, 1 — command.",
        "group": "Permission"
    },

    "InvalidCommandCallMessage": {
        "type": "textbox",
        "value": "Invalid {0} command call. Usage: {1}",
        "label": "Invalid Command Call Message",
        "tooltip": "Chat message will be sent if user calls a command with invalid parameters. 0 — command, 1 — command usage example.",
        "group": "Chat Messages"
    },
    "TimeRemainingMessage": {
        "type": "textbox",
        "value": "Command {0} is on cooldown. Time remaining: {1} (seconds).",
        "label": "Time Remaining Message",
        "tooltip": "Chat message will be sent if user tries to call command which is on cooldown now. 0 — command which is on cooldown, 1 — time remaining.",
        "group": "Chat Messages"
    },
    "OptionValueTheSameMessage": {
        "type": "textbox",
        "value": "{0}, option {1} value cannot be changed to the same value [{2}]",
        "label": "On Changing Option Value To The Same Message",
        "tooltip": "The message that will be sent to chat when user tries to change option value to the same value. 0 — user name, 1 — option name, 2 — current option value.",
        "group": "Chat Messages"
    },
    "OptionValueChangedMessage": {
        "type": "textbox",
        "value": "{0}, option {1} value has been changed from [{2}] to [{3}]",
        "label": "On Changing Option Value To New Value Message",
        "tooltip": "The message that will be sent to chat when user changes settings option. 0 — user name, 1 — option name, 2 — old option value, 3 — new option value.",
        "group": "Chat Messages"
    },
    "FailedToSetOptionMessage": {
        "type": "textbox",
        "value": "{0}, failed to change option {1}: {2}",
        "label": "On Failed To Change Option Value Message",
        "tooltip": "The message that will be sent to chat when settings option cannot be changed. 0 — user name, 1 — option name, 2 — error description.",
        "group": "Chat Messages"
    },
    "FailedToSetOptionInvalidTypeMessage": {
        "type": "textbox",
        "value": "Invalid type (expected: {0})",
        "label": "On Failed To Change Option Due To Invalid Type Message",
        "tooltip": "The message that will be sent to chat when settings option cannot be changed due to invalid type. 0 — expected type.",
        "group": "Chat Messages"
    },
    "FailedToSetOptionInvalidNameMessage": {
        "type": "textbox",
        "value": "Invalid option name",
        "label": "On Failed To Change Option Due To Invalid Name Message",
        "tooltip": "The message that will be sent to chat when settings option cannot be changed due to invalid name.",
        "group": "Chat Messages"
    },
    "NoScoreFoundMessage": {
        "type": "textbox",
        "value": "No score found.",
        "label": "No Score Found Message",
        "tooltip": "Chat message will be sent if user tries to get score which is not created.",
        "group": "Chat Messages"
    },
    "CurrentScoreMessage": {
        "type": "textbox",
        "value": "Current score: {0}",
        "label": "Current Score Message",
        "tooltip": "Chat message will be sent if user calls a Get Score command. 0 — current score info.",
        "group": "Chat Messages"
    },
    "CreatedScoreMessage": {
        "type": "textbox",
        "value": "Created new score: {0}",
        "label": "Created Score Message",
        "tooltip": "Chat message will be sent when new score has been created (using Create Command). 0 — created score info.",
        "group": "Chat Messages"
    },
    "RecreatedScoreMessage": {
        "type": "textbox",
        "value": "Score has created already, created the new one: {0}",
        "label": "Recreated Score Message",
        "tooltip": "Chat message will be sent when existing score has been recreated (using Create Command). 0 — created score info.",
        "group": "Chat Messages"
    },
    "NothingToUpdateMessage": {
        "type": "textbox",
        "value": "No score found, nothing to update.",
        "label": "Nothing To Update Message",
        "tooltip": "Chat message will be sent if user tries to update nonexistent score (using Update Command).",
        "group": "Chat Messages"
    },
    "InvalidScoreValueMessage": {
        "type": "textbox",
        "value": "Failed to update score: invalid score value {0}. Try value in range: {1}.",
        "label": "Invalid Score Value Message",
        "tooltip": "Chat message will be sent if user calls an Update Score command with invalid score value. 0 — invalid score value, 1 — valid value range.",
        "group": "Chat Messages"
    },
    "UpdatedScoreMessage": {
        "type": "textbox",
        "value": "Updated score: {0}",
        "label": "Updated Score Message",
        "tooltip": "Chat message will be sent when score has been updated (using Update Command). 0 — updated score info.",
        "group": "Chat Messages"
    },
    "NothingToResetMessage": {
        "type": "textbox",
        "value": "No score found, nothing to reset.",
        "label": "Nothing To Reset Message",
        "tooltip": "Chat message will be sent if user tries to reset nonexistent score (using Reset Command).",
        "group": "Chat Messages"
    },
    "ResetScoreMessage": {
        "type": "textbox",
        "value": "Reset score: {0}",
        "label": "Reset Score Message",
        "tooltip": "Chat message will be sent when score has been reset (using Reset Command). 0 — reset score info.",
        "group": "Chat Messages"
    },
    "NothingToDeleteMessage": {
        "type": "textbox",
        "value": "No score found, nothing to delete.",
        "label": "Nothing To Delete Message",
        "tooltip": "Chat message will be sent if user tries to delete nonexistent score (using Delete Command).",
        "group": "Chat Messages"
    },
    "DeletedScoreMessage": {
        "type": "textbox",
        "value": "Deleted score: {0}",
        "label": "Deleted Score Message",
        "tooltip": "Chat message will be sent when score has been deleted (using Delete Command). 0 — deleted score info.",
        "group": "Chat Messages"
    },

    "LoggingLevel": {
        "type": "dropdown",
        "value": "Info",
        "items": ["Debug", "Info", "Warning", "Error", "Off"],
        "label": "Logging Level",
        "tooltip": "Specifies Logging Level for script.",
        "group": "Debugging"
    },
    "AllowLoggingToFile": {
        "type": "checkbox",
        "value": false,
        "label": "Allow Logging To File",
        "tooltip": "Allow script to log to file in script folder.",
        "group": "Debugging"
    }
}
