{
    "output_file": "Settings/settings.json",

    "CommandGetScore": {
        "type": "textbox",
        "value": "!score",
        "label": "Get Command",
        "tooltip": "The command to show current score.",
        "group": "Setup"
    },
    "CommandNewScore": {
        "type": "textbox",
        "value": "!new_score",
        "label": "New Command",
        "tooltip": "The command to create new score.",
        "group": "Setup"
    },
    "CommandUpdateScore": {
        "type": "textbox",
        "value": "!update_score",
        "label": "Update Command",
        "tooltip": "The command to update current score.",
        "group": "Setup"
    },
    "CommandResetScore": {
        "type": "textbox",
        "value": "!reset_score",
        "label": "Reset Command",
        "tooltip": "The command to reset current score.",
        "group": "Setup"
    },
    "CommandReloadScore": {
        "type": "textbox",
        "value": "!reload_score",
        "label": "Reload Command (Not implemented)",
        "tooltip": "The command to reload current score from local file. (Not implemented)",
        "group": "Setup"
    },

    "PermissionOnGet": {
        "type": "dropdown",
        "value": "everyone",
        "items": ["everyone", "moderator", "subscriber", "user_specific", "editor"],
        "label": "Permission On Get Command",
        "tooltip": "Who is able to use the script command to get score.",
        "group": "Permission"
    },
    "PermissionOnEdit": {
        "type": "dropdown",
        "value": "moderator",
        "items": ["everyone", "moderator", "subscriber", "user_specific", "editor"],
        "label": "Permission On New/Update/Reset Commands",
        "tooltip": "Who is able to use the script commands to create/update/reset score.",
        "group": "Permission"
    },
    "PermissionDeniedMessage": {
        "type": "textbox",
        "value": "Permission denied: You have to be a {0} to use {1} command!",
        "label": "Permission Denied Message",
        "tooltip": "Chat message will be sent on failed permission check. 0 — required permission, 1 — command.",
        "group": "Permission"
    },
    "PermissionInfo": {
        "type": "textbox",
        "value": "",
        "label": "Info",
        "tooltip": "This field should only be filled when using the user_specific permission.",
        "group": "Permission"
    },

    "InvalidCommandCallMessage": {
        "type": "textbox",
        "value": "Invalid {0} command call. Usage: {1}",
        "label": "Invalid Command Call Message",
        "tooltip": "Chat message will be sent if user calls a command with invalid parameters. 0 — command, 1 — command usage example.",
        "group": "Chat Messages"
    },
    "NoScoreFoundMessage": {
        "type": "textbox",
        "value": "No score found.",
        "label": "No Score Found Message",
        "tooltip": "Chat message will be sent if user tries to get score which is not created.",
        "group": "Chat Messages"
    },
    "CurrentScoreMessage": {
        "type": "textbox",
        "value": "Current score {0}",
        "label": "Current Score Message",
        "tooltip": "Chat message will be sent if user calls a Get Score command. 0 — current score.",
        "group": "Chat Messages"
    },
    "CreatedScoreMessage": {
        "type": "textbox",
        "value": "Created new score: {0}",
        "label": "Created Score Message",
        "tooltip": "Chat message will be sent when new score has been created (using New Score command). 0 — created score.",
        "group": "Chat Messages"
    },
    "RecreatedScoreMessage": {
        "type": "textbox",
        "value": "Score has created already, created the new one: {0}",
        "label": "Recreated Score Message",
        "tooltip": "Chat message will be sent when existing score has been recreated (using New Score command). 0 — created score.",
        "group": "Chat Messages"
    },
    "NothingToUpdateMessage": {
        "type": "textbox",
        "value": "No score found, nothing to update.",
        "label": "Nothing To Update Message",
        "tooltip": "Chat message will be sent if user tries to update nonexistent score (using Update Score command).",
        "group": "Chat Messages"
    },
    "InvalidPlayerIdMessage": {
        "type": "textbox",
        "value": "Failed to update score: invalid player ID {0}. Try value in range: {1}",
        "label": "Invalid Player ID Message",
        "tooltip": "Chat message will be sent if user calls an Update Score command with invalid player ID. 0 — invalid player ID, 1 — valid value range.",
        "group": "Chat Messages"
    },
    "InvalidScoreValueMessage": {
        "type": "textbox",
        "value": "Failed to update score: invalid score value {0}. Try value in range: {1}",
        "label": "Invalid Score Value Message",
        "tooltip": "Chat message will be sent if user calls an Update Score command with invalid score value. 0 — invalid score value, 1 — valid value range.",
        "group": "Chat Messages"
    },
    "UpdatedScoreMessage": {
        "type": "textbox",
        "value": "Updated score: {0}",
        "label": "Updated Score Message",
        "tooltip": "Chat message will be sent when score has been updated (using Update Score command). 0 — updated score.",
        "group": "Chat Messages"
    },
    "NothingToResetMessage": {
        "type": "textbox",
        "value": "No score found, nothing to reset.",
        "label": "Nothing To Reset Message",
        "tooltip": "Chat message will be sent if user tries to reset nonexistent score (using Reset Score command).",
        "group": "Chat Messages"
    },
    "ResetScoreMessage": {
        "type": "textbox",
        "value": "Reset score: {0}",
        "label": "Reset Score Message",
        "tooltip": "Chat message will be sent when score has been reset (using Reset Score command). 0 — reset score.",
        "group": "Chat Messages"
    },

    "LoggingLevel": {
        "type": "dropdown",
        "value": "Info",
        "items": ["Debug", "Info", "Warning", "Error", "Off"],
        "label": "Logging Level",
        "tooltip": "Specifies Logging Level for script.",
        "group": "Debugging"
    }
}
