{
    "output_file": "Settings/settings.json",

    "CommandGetScore": {
        "type": "textbox",
        "value": "!score",
        "label": "Get Command",
        "tooltip": "The command to show current score.",
        "group": "Setup"
    },
    "CommandNewScore": {
        "type": "textbox",
        "value": "!new_score",
        "label": "New Command",
        "tooltip": "The command to create new score.",
        "group": "Setup"
    },
    "CommandUpdateScore": {
        "type": "textbox",
        "value": "!update_score",
        "label": "Update Command",
        "tooltip": "The command to update current score.",
        "group": "Setup"
    },
    "CommandResetScore": {
        "type": "textbox",
        "value": "!reset_score",
        "label": "Reset Command",
        "tooltip": "The command to reset current score.",
        "group": "Setup"
    },

    "PermissionOnGet": {
        "type": "dropdown",
        "value": "everyone",
        "items": ["everyone", "moderator", "subscriber", "user_specific", "editor"],
        "label": "Permission On Get Command",
        "tooltip": "Who is able to use the script command to get score.",
        "group": "Permission"
    },
    "PermissionOnEdit": {
        "type": "dropdown",
        "value": "moderator",
        "items": ["everyone", "moderator", "subscriber", "user_specific", "editor"],
        "label": "Permission On New/Update/Reset Commands",
        "tooltip": "Who is able to use the script commands to create/update/reset score.",
        "group": "Permission"
    },
    "PermissionDeniedMessage": {
        "type": "textbox",
        "value": "Permission denied: You have to be a {0} to use {1} command!",
        "label": "Permission Denied Message",
        "tooltip": "Chat message will be sent on failed permission check. 0 — required permission, 1 — command.",
        "group": "Permission"
    },
    "PermissionInfo": {
        "type": "textbox",
        "value": "",
        "label": "Info",
        "tooltip": "This field should only be filled when using the user_specific permission.",
        "group": "Permission"
    },

    "InvalidCommandCall": {
        "type": "textbox",
        "value": "Invalid {0} command call.",
        "label": "No Target Message",
        "tooltip": "Chat message will be sent if user calls a command with invalid parameters. 0 — command.",
        "group": "Chat Messages"
    },

    "LoggingLevel": {
        "type": "dropdown",
        "value": "Info",
        "items": ["Debug", "Info", "Warning", "Error", "Off"],
        "label": "Logging Level",
        "tooltip": "Specifies Logging Level for script.",
        "group": "Debugging"
    }
}
