{
    "output_file": "Settings/settings.json",
    "Command": {
      "type": "textbox",
      "value": "!score",
      "label": "Command",
      "tooltip": "The command that will be responded to.",
      "group": "Core"
    },
    "Permission": {
      "type": "dropdown",
      "value": "moderator",
      "items": ["everyone","moderator","subscriber","user_specific","editor"],
      "label": "Permission",
      "tooltip": "Who is able to use the command",
      "group": "Core"
    },
    "Info": {
        "type": "textbox",
        "value": "",
        "label": "Info",
        "tooltip": "This field should only be filled when using the user_specific permission.",
        "group": "Core"
    }
}
