{
    "output_file": "Settings/settings.json",

    "CommandGetScore": {
        "type": "textbox",
        "value": "!score",
        "label": "Get Command",
        "tooltip": "The command to show current score.",
        "group": "Setup"
    },
    "CommandNewScore": {
        "type": "textbox",
        "value": "!new_score",
        "label": "New Command",
        "tooltip": "The command to create new score.",
        "group": "Setup"
    },
    "CommandUpdateScore": {
        "type": "textbox",
        "value": "!update_score",
        "label": "Update Command",
        "tooltip": "The command to update current score.",
        "group": "Setup"
    },
    "CommandResetScore": {
        "type": "textbox",
        "value": "!reset_score",
        "label": "Reset Command",
        "tooltip": "The command to reset current score.",
        "group": "Setup"
    },

    "PermissionOnGet": {
        "type": "dropdown",
        "value": "everyone",
        "items": ["everyone", "moderator", "subscriber", "user_specific", "editor"],
        "label": "Permission On Get Command",
        "tooltip": "Who is able to use the script command to get score.",
        "group": "Permission"
    },
    "PermissionOnEdit": {
        "type": "dropdown",
        "value": "moderator",
        "items": ["everyone", "moderator", "subscriber", "user_specific", "editor"],
        "label": "Permission On New/Update/Reset Commands",
        "tooltip": "Who is able to use the script commands to create/update/reset score.",
        "group": "Permission"
    },
    "PermissionDenied": {
        "type": "textbox",
        "value": "Permission denied: You have to be a {0} to use this command!",
        "label": "Permission Denied Message",
        "tooltip": "Chat message will be sent on failed permission check. 0 — required permission.",
        "group": "Permission"
    },
    "PermissionInfo": {
        "type": "textbox",
        "value": "",
        "label": "Info",
        "tooltip": "This field should only be filled when using the user_specific permission.",
        "group": "Permission"
    }
}
