{
    "output_file": "Settings/settings.json",

    "CommandQueueInfo": {
        "type": "textbox",
        "value": "!ping",
        "label": "Queue Info Command",
        "tooltip": "The command that will be output information about queue.",
        "group": "Commands"
    },
    "CommandQueueInfoCooldown": {
        "type": "slider",
        "value": 1,
        "min": 1,
        "max": 100,
        "ticks": 1,
        "label": "Queue Info Command Cooldown (seconds)",
        "tooltip": "How long the Queue Info command should go on cooldown for.",
        "group": "Commands"
    },
    "ParameterAll": {
        "type": "textbox",
        "value": "all",
        "label": "Parameter All",
        "tooltip": "Command parameter that allow to get information about all users in the queue.",
        "group": "Commands"
    },

    "PermissionOnQueueInfo": {
        "type": "dropdown",
        "value": "everyone",
        "items": ["everyone", "subscriber", "user_specific", "moderator", "editor"],
        "label": "Permission",
        "tooltip": "Who is able to get queue info.",
        "group": "Permission"
    },
    "PermissionInfoOnQueueInfo": {
        "type": "textbox",
        "value": "",
        "label": "Info",
        "tooltip": "This field should only be filled when using the user_specific permission on Queue Info Command.",
        "group": "Permission"
    },
    "PermissionDeniedMessage": {
        "type": "textbox",
        "value": "Permission denied: You have to be a {0} to use {1} command!",
        "label": "Permission Denied Message",
        "tooltip": "Chat message will be sent on failed permission check. 0 — required permission, 1 — command.",
        "group": "Permission"
    },

    "InvalidCommandCallMessage": {
        "type": "textbox",
        "value": "Invalid {0} command call. Usage: {1}",
        "label": "Invalid Command Call Message",
        "tooltip": "Chat message will be sent if user calls a command with invalid parameters. 0 — command, 1 — command usage example.",
        "group": "Chat Messages"
    },
    "TimeRemainingMessage": {
        "type": "textbox",
        "value": "Command {0} is on cooldown. Time remaining: {1} (seconds).",
        "label": "Time Remaining Message",
        "tooltip": "Chat message will be sent if user tries to call command which is on cooldown now. 0 — command which is on cooldown, 1 — time remaining.",
        "group": "Chat Messages"
    },
    "OptionValueTheSameMessage": {
        "type": "textbox",
        "value": "{0}, option {1} value cannot be changed to the same value [{2}]",
        "label": "On Changing Option Value To The Same Message",
        "tooltip": "The message that will be sent to chat when user tries to change option value to the same value. 0 — user name, 1 — option name, 2 — current option value.",
        "group": "Chat Messages"
    },
    "OptionValueChangedMessage": {
        "type": "textbox",
        "value": "{0}, option {1} value has been changed from [{2}] to [{3}]",
        "label": "On Changing Option Value To New Value Message",
        "tooltip": "The message that will be sent to chat when user changes settings option. 0 — user name, 1 — option name, 2 — old option value, 3 — new option value.",
        "group": "Chat Messages"
    },
    "FailedToSetOptionMessage": {
        "type": "textbox",
        "value": "{0}, failed to change option {1}: {2}",
        "label": "On Failed To Change Option Value Message",
        "tooltip": "The message that will be sent to chat when settings option cannot be changed. 0 — user name, 1 — option name, 2 — error description.",
        "group": "Chat Messages"
    },
    "FailedToSetOptionInvalidTypeMessage": {
        "type": "textbox",
        "value": "Invalid type (expected: {0})",
        "label": "On Failed To Change Option Due To Invalid Type Message",
        "tooltip": "The message that will be sent to chat when settings option cannot be changed due to invalid type. 0 — expected type.",
        "group": "Chat Messages"
    },
    "FailedToSetOptionInvalidNameMessage": {
        "type": "textbox",
        "value": "Invalid option name",
        "label": "On Failed To Change Option Due To Invalid Name Message",
        "tooltip": "The message that will be sent to chat when settings option cannot be changed due to invalid name.",
        "group": "Chat Messages"
    },
    "AllQueueInfoStateMessage": {
        "type": "textbox",
        "value": "Current queue state: {0}",
        "label": "All Queue Info Message",
        "tooltip": "The message that will be sent to chat when user retrieves queue info. 0 — information about queue.",
        "group": "Chat Messages"
    },
    "QueueIsEmptyMessage": {
        "type": "textbox",
        "value": "Queue is empty.",
        "label": "Queue Is Empty",
        "tooltip": "The message that will be sent to chat as response on queue info when queue is empty.",
        "group": "Chat Messages"
    },
    "UserIsNotInQueueMessage": {
        "type": "textbox",
        "value": "User {0} is not in the queue.",
        "label": "User Is Not In The Queue",
        "tooltip": "The message that will be sent to chat as response on queue info when user is not in the queue. 0 — user name",
        "group": "Chat Messages"
    },
    "UserIsInQueueMessage": {
        "type": "textbox",
        "value": "User {0} is in the queue, position: {1}",
        "label": "User Is In Queue",
        "tooltip": "The message that will be sent to chat as response on queue info when user is in the queue. 0 — user name, 1 — position",
        "group": "Chat Messages"
    },

    "LoggingLevel": {
        "type": "dropdown",
        "value": "Info",
        "items": ["Debug", "Info", "Warning", "Error", "Off"],
        "label": "Logging Level",
        "tooltip": "Specifies Logging Level for script.",
        "group": "Debugging"
    },
    "AllowLoggingToFile": {
        "type": "checkbox",
        "value": false,
        "label": "Allow Logging To File",
        "tooltip": "Allow script to log to file in script folder.",
        "group": "Debugging"
    }
}
