{
    "output_file": "Settings/settings.json",

    "Command": {
        "type": "textbox",
        "value": "!ping",
        "label": "Command",
        "tooltip": "The command that will be responded to.",
        "group": "Setup"
    },
    "Cooldown": {
        "type": "slider",
        "value": 4,
        "min": 1,
        "max": 100,
        "ticks": 1,
        "label": "Cooldown (seconds)",
        "tooltip": "How long the command should go on cooldown for.",
        "group": "Setup"
    },
    "Response": {
        "type": "textbox",
        "value": "Pong!",
        "label": "Command",
        "tooltip": "The message that will be sent to chat when using the command.",
        "group": "Setup"
    },

    "Permission": {
        "type": "dropdown",
        "value": "everyone",
        "items": ["everyone", "moderator", "subscriber", "user_specific", "editor"],
        "label": "Permission",
        "tooltip": "Who is able to use the script commands.",
        "group": "Permission"
    },
    "PermissionDeniedMessage": {
        "type": "textbox",
        "value": "Permission denied: You have to be a {0} to use {1} command!",
        "label": "Permission Denied Message",
        "tooltip": "Chat message will be sent on failed permission check. 0 — required permission, 1 — command.",
        "group": "Permission"
    },
    "PermissionInfo": {
        "type": "textbox",
        "value": "",
        "label": "Info",
        "tooltip": "This field should only be filled when using the user_specific permission.",
        "group": "Permission"
    }
}
